<?xml version="1.0" encoding="UTF-8"?>
<rss version="2.0" xmlns:ror="http://rorweb.com/0.1/" >
<channel>
  <title>ROR Sitemap for https://euroglobalconsultancy.com/</title>
  <link>https://euroglobalconsultancy.com/</link>

<item>
     <link>https://euroglobalconsultancy.com/</link>
     <title>Euro Global Consultancy - Best consultancy provider in Dubai!</title>
     <description>Unlock your full potential with Euro Global Consultancy. We offer comprehensive IT solutions, training programs, and expert study-abroad guidance.</description>
     <ror:updatePeriod></ror:updatePeriod>
     <ror:sortOrder>0</ror:sortOrder>
     <ror:resourceOf>sitemap</ror:resourceOf>
</item>
<item>
     <link>https://euroglobalconsultancy.com/index.html</link>
     <title>Euro Global Consultancy - Best consultancy provider in Dubai!</title>
     <description>Unlock your full potential with Euro Global Consultancy. We offer comprehensive IT solutions, training programs, and expert study-abroad guidance.</description>
     <ror:updatePeriod></ror:updatePeriod>
     <ror:sortOrder>1</ror:sortOrder>
     <ror:resourceOf>sitemap</ror:resourceOf>
</item>
<item>
     <link>https://euroglobalconsultancy.com/contact.html</link>
     <title>Euro Global Consultancy- Contact Us</title>
     <description>Euro Global Consultancy- Contact Us</description>
     <ror:updatePeriod></ror:updatePeriod>
     <ror:sortOrder>1</ror:sortOrder>
     <ror:resourceOf>sitemap</ror:resourceOf>
</item>
<item>
     <link>https://euroglobalconsultancy.com/about.html</link>
     <title>Empowering Your Future in Dubai: IT, Training &amp; Study Abroad</title>
     <description>Unlock your potential with Euro Global Consultancy, a Dubai-based firm offering IT solutions, professional training, and expert study abroad guidance.</description>
     <ror:updatePeriod></ror:updatePeriod>
     <ror:sortOrder>1</ror:sortOrder>
     <ror:resourceOf>sitemap</ror:resourceOf>
</item>
<item>
     <link>https://euroglobalconsultancy.com/IT-services.html</link>
     <title>Optimize &amp; Secure Your Business: IT Solutions in Dubai</title>
     <description>Empower your business with cutting-edge IT solutions from Euro Global Consultancy. We offer comprehensive support for all your IT needs.</description>
     <ror:updatePeriod></ror:updatePeriod>
     <ror:sortOrder>1</ror:sortOrder>
     <ror:resourceOf>sitemap</ror:resourceOf>
</item>
<item>
     <link>https://euroglobalconsultancy.com/training.html</link>
     <title>Empower Your Workforce: Training &amp; Certification Programs</title>
     <description>Invest in your team's success with Euro Global Consultancy's comprehensive training programs in Dubai. We offer in-demand skills development for all</description>
     <ror:updatePeriod></ror:updatePeriod>
     <ror:sortOrder>1</ror:sortOrder>
     <ror:resourceOf>sitemap</ror:resourceOf>
</item>
<item>
     <link>https://euroglobalconsultancy.com/ITGRC.html</link>
     <title>EMaster IT Governance &amp; Compliance: ITGRC Certifications</title>
     <description>Empower yourself with robust IT Governance, Risk &amp; Compliance certifications from us. We offer training, consulting, and implementation.</description>
     <ror:updatePeriod></ror:updatePeriod>
     <ror:sortOrder>1</ror:sortOrder>
     <ror:resourceOf>sitemap</ror:resourceOf>
</item>
<item>
     <link>https://euroglobalconsultancy.com/study-abroad.html</link>
     <title>Study Abroad Consultancy: Expert Guidance &amp; Top Universities</title>
     <description>Fulfill your study abroad dreams with us. We offer expert guidance, personalized support, and access to prestigious universities all over the world.</description>
     <ror:updatePeriod></ror:updatePeriod>
     <ror:sortOrder>1</ror:sortOrder>
     <ror:resourceOf>sitemap</ror:resourceOf>
</item>
<item>
     <link>https://euroglobalconsultancy.com/news.html</link>
     <title>News: Get updated on IT, Training, &amp; Study Abroad services</title>
     <description>Stay informed on the latest IT services, training programs, and study abroad opportunities with us. Explore news, insights, and updates.</description>
     <ror:updatePeriod></ror:updatePeriod>
     <ror:sortOrder>1</ror:sortOrder>
     <ror:resourceOf>sitemap</ror:resourceOf>
</item>
<item>
     <link>https://euroglobalconsultancy.com/privacy-policy.html</link>
     <title>Euro Global Consultancy - Privacy Policy</title>
     <description>Euro Global Consultancy - Privacy Policy</description>
     <ror:updatePeriod></ror:updatePeriod>
     <ror:sortOrder>1</ror:sortOrder>
     <ror:resourceOf>sitemap</ror:resourceOf>
</item>
<item>
     <link>https://euroglobalconsultancy.com/cobitfoundation.html</link>
     <title>Euro Global Consultancy - IT Governance, Risk &amp; Compliance Training</title>
     <description>Euro Global Consultancy - IT Governance, Risk &amp; Compliance Training</description>
     <ror:updatePeriod></ror:updatePeriod>
     <ror:sortOrder>2</ror:sortOrder>
     <ror:resourceOf>sitemap</ror:resourceOf>
</item>
<item>
     <link>https://euroglobalconsultancy.com/cobit2019.html</link>
     <title>Euro Global Consultancy - IT Governance, Risk &amp; Compliance Training</title>
     <description>Euro Global Consultancy - IT Governance, Risk &amp; Compliance Training</description>
     <ror:updatePeriod></ror:updatePeriod>
     <ror:sortOrder>2</ror:sortOrder>
     <ror:resourceOf>sitemap</ror:resourceOf>
</item>
<item>
     <link>https://euroglobalconsultancy.com/cgeit.html</link>
     <title>Euro Global Consultancy - IT Governance, Risk &amp; Compliance Training</title>
     <description>Euro Global Consultancy - IT Governance, Risk &amp; Compliance Training</description>
     <ror:updatePeriod></ror:updatePeriod>
     <ror:sortOrder>2</ror:sortOrder>
     <ror:resourceOf>sitemap</ror:resourceOf>
</item>
<item>
     <link>https://euroglobalconsultancy.com/DBA.html</link>
     <title>World’s First DBA in Oil &amp; Gas for Senior Executives – Offered by ESC Clermont Business School </title>
     <description>World’s First DBA in Oil &amp; Gas for Senior Executives – Offered by ESC Clermont Business School </description>
     <ror:updatePeriod></ror:updatePeriod>
     <ror:sortOrder>2</ror:sortOrder>
     <ror:resourceOf>sitemap</ror:resourceOf>
</item>
<item>
     <link>https://euroglobalconsultancy.com/study-in-australia.html</link>
     <title>Euro Global Consultancy - A Study Abroad Consultants Guide to Studying in Australia</title>
     <description>Euro Global Consultancy - A Study Abroad Consultants Guide to Studying in Australia</description>
     <ror:updatePeriod></ror:updatePeriod>
     <ror:sortOrder>2</ror:sortOrder>
     <ror:resourceOf>sitemap</ror:resourceOf>
</item>
<item>
     <link>https://euroglobalconsultancy.com/study-MBBS-in-hungary.html</link>
     <title>Euro Global Consultancy - Why Hungary is the Perfect Destination to Study MBBS</title>
     <description>Euro Global Consultancy - Why Hungary is the Perfect Destination to Study MBBS</description>
     <ror:updatePeriod></ror:updatePeriod>
     <ror:sortOrder>2</ror:sortOrder>
     <ror:resourceOf>sitemap</ror:resourceOf>
</item>
<item>
     <link>https://euroglobalconsultancy.com/guide-to-study-uk-usa-canada-with-euroglobal.html</link>
     <title>Euro Global Consultancy - Your Guide to Studying in the UK, USA, and Canada with Study Abroad Consultants</title>
     <description>Euro Global Consultancy - Your Guide to Studying in the UK, USA, and Canada with Study Abroad Consultants</description>
     <ror:updatePeriod></ror:updatePeriod>
     <ror:sortOrder>2</ror:sortOrder>
     <ror:resourceOf>sitemap</ror:resourceOf>
</item>
<item>
     <link>https://euroglobalconsultancy.com/study-france-with-euroglobal.html</link>
     <title>Euro Global Consultancy - Study in France with EuroGlobal Study Abroad Consultants</title>
     <description>Euro Global Consultancy - Study in France with EuroGlobal Study Abroad Consultants</description>
     <ror:updatePeriod></ror:updatePeriod>
     <ror:sortOrder>2</ror:sortOrder>
     <ror:resourceOf>sitemap</ror:resourceOf>
</item>
<item>
     <link>https://euroglobalconsultancy.com/guidance-abroad-study-sweden.html</link>
     <title>Euro Global Consultancy - Study in Sweden with the Guidance of Abroad Study Consultants</title>
     <description>Euro Global Consultancy - Study in Sweden with the Guidance of Abroad Study Consultants</description>
     <ror:updatePeriod></ror:updatePeriod>
     <ror:sortOrder>2</ror:sortOrder>
     <ror:resourceOf>sitemap</ror:resourceOf>
</item>
<item>
     <link>https://euroglobalconsultancy.com/engineering-excellence-europe.html</link>
     <title>Euro Global Consultancy - Engineering Excellence Abroad: Your Guide to Pursuing a Degree in Europe</title>
     <description>Euro Global Consultancy - Engineering Excellence Abroad: Your Guide to Pursuing a Degree in Europe</description>
     <ror:updatePeriod></ror:updatePeriod>
     <ror:sortOrder>2</ror:sortOrder>
     <ror:resourceOf>sitemap</ror:resourceOf>
</item>
<item>
     <link>https://euroglobalconsultancy.com/abroad-education-dreams.html</link>
     <title>Euro Global Consultancy - Make your abroad education dreams come true with study abroad consultants!</title>
     <description>Euro Global Consultancy - Make your abroad education dreams come true with study abroad consultants!</description>
     <ror:updatePeriod></ror:updatePeriod>
     <ror:sortOrder>2</ror:sortOrder>
     <ror:resourceOf>sitemap</ror:resourceOf>
</item>
<item>
     <link>https://euroglobalconsultancy.com/life-after-canada-graduation.html</link>
     <title>Euro Global Consultancy - Life After Graduation in Canada</title>
     <description>Euro Global Consultancy - Life After Graduation in Canada</description>
     <ror:updatePeriod></ror:updatePeriod>
     <ror:sortOrder>2</ror:sortOrder>
     <ror:resourceOf>sitemap</ror:resourceOf>
</item>
<item>
     <link>https://euroglobalconsultancy.com/uk-education-system.html</link>
     <title>Euro Global Consultancy - Navigating the UK Education System</title>
     <description>Euro Global Consultancy - Navigating the UK Education System</description>
     <ror:updatePeriod></ror:updatePeriod>
     <ror:sortOrder>2</ror:sortOrder>
     <ror:resourceOf>sitemap</ror:resourceOf>
</item>
<item>
     <link>https://euroglobalconsultancy.com/blogdetails3.html</link>
     <title>Euro Global Consultancy - Master the Skills of Abroad Study Consultants in UAE and Be Successful</title>
     <description>Euro Global Consultancy - Master the Skills of Abroad Study Consultants in UAE and Be Successful</description>
     <ror:updatePeriod></ror:updatePeriod>
     <ror:sortOrder>2</ror:sortOrder>
     <ror:resourceOf>sitemap</ror:resourceOf>
</item>
<item>
     <link>https://euroglobalconsultancy.com/blogdetails2.html</link>
     <title>Euro Global Consultancy - How Overseas Education Consultants Can Help You Fulfil Your Study Abroad Dreams</title>
     <description>Euro Global Consultancy - How Overseas Education Consultants Can Help You Fulfil Your Study Abroad Dreams</description>
     <ror:updatePeriod></ror:updatePeriod>
     <ror:sortOrder>2</ror:sortOrder>
     <ror:resourceOf>sitemap</ror:resourceOf>
</item>
<item>
     <link>https://euroglobalconsultancy.com/blogdetails1.html</link>
     <title>Euro Global Consultancy - Navigating the American Dream: A Guide to Studying in the USA</title>
     <description>Euro Global Consultancy - Navigating the American Dream: A Guide to Studying in the USA</description>
     <ror:updatePeriod></ror:updatePeriod>
     <ror:sortOrder>2</ror:sortOrder>
     <ror:resourceOf>sitemap</ror:resourceOf>
</item>
<item>
     <link>https://euroglobalconsultancy.com/blogdetails.html</link>
     <title>Euro Global Consultancy - How to find the right Study Abroad Consultancy Service for +2 students</title>
     <description>Euro Global Consultancy - How to find the right Study Abroad Consultancy Service for +2 students</description>
     <ror:updatePeriod></ror:updatePeriod>
     <ror:sortOrder>2</ror:sortOrder>
     <ror:resourceOf>sitemap</ror:resourceOf>
</item>
<item>
     <link>https://euroglobalconsultancy.com/newsdetail.html</link>
     <title>Euro Global Consultancy - Benefits of Studying Abroad with Euro Global Consultants</title>
     <description>Euro Global Consultancy - Benefits of Studying Abroad with Euro Global Consultants</description>
     <ror:updatePeriod></ror:updatePeriod>
     <ror:sortOrder>2</ror:sortOrder>
     <ror:resourceOf>sitemap</ror:resourceOf>
</item>
<item>
     <link>https://euroglobalconsultancy.com/images/home/dba-oil%20&amp;%20gas-2024%20Final%20Brochure.pdf</link>
     <title></title>
     
     <ror:updatePeriod></ror:updatePeriod>
     <ror:sortOrder>3</ror:sortOrder>
     <ror:resourceOf>sitemap</ror:resourceOf>
</item>
</channel>
</rss>
  