<?xml version="1.0" encoding="UTF-8"?>
<rss version="2.0" xmlns:ror="http://rorweb.com/0.1/" >
<channel>
  <title>ROR Sitemap for https://studyabroad.euroglobalconsultancy.com/</title>
  <link>https://studyabroad.euroglobalconsultancy.com/</link>

<item>
     <link>https://studyabroad.euroglobalconsultancy.com/</link>
     <title>Study Abroad Consultancy in UAE, Dubai - EuroGlobal </title>
     <description>At EuroGlobal, we specialize in services related to IT, software development, education &amp; training and study abroad consultancy services in UAE, Dubai.</description>
     <ror:updatePeriod></ror:updatePeriod>
     <ror:sortOrder>0</ror:sortOrder>
     <ror:resourceOf>sitemap</ror:resourceOf>
</item>
<item>
     <link>https://studyabroad.euroglobalconsultancy.com/index.html</link>
     <title>Study Abroad Consultancy in UAE, Dubai - EuroGlobal </title>
     <description>At EuroGlobal, we specialize in services related to IT, software development, education &amp; training and study abroad consultancy services in UAE, Dubai.</description>
     <ror:updatePeriod></ror:updatePeriod>
     <ror:sortOrder>1</ror:sortOrder>
     <ror:resourceOf>sitemap</ror:resourceOf>
</item>
<item>
     <link>https://studyabroad.euroglobalconsultancy.com/page-about.html</link>
     <title>Overseas Education Consultants for the UK, Europe, USA, and More</title>
     <description>EuroGlobal overseas education consultants are the ultimate guide to studying abroad in the UK, Europe, USA, AU, and NZ. Apply For Upcoming Intake 2024.</description>
     <ror:updatePeriod></ror:updatePeriod>
     <ror:sortOrder>1</ror:sortOrder>
     <ror:resourceOf>sitemap</ror:resourceOf>
</item>
<item>
     <link>https://studyabroad.euroglobalconsultancy.com/itsolution.html</link>
     <title>EuroGlobal! Software Development Company in UAE,Dubai </title>
     <description>Our software development company specializes in creating bespoke applications, web platforms, and mobile experiences that drive digital transformation. </description>
     <ror:updatePeriod></ror:updatePeriod>
     <ror:sortOrder>1</ror:sortOrder>
     <ror:resourceOf>sitemap</ror:resourceOf>
</item>
<item>
     <link>https://studyabroad.euroglobalconsultancy.com/training.html</link>
     <title>Training Centers: IT Courses, Career Guidance, IELTS, TOEFL</title>
     <description>EuroGlobal is the leading training centre in the UAE offering comprehensive IT courses, career guidance, and specialized training for IELTS &amp; TOEFL.</description>
     <ror:updatePeriod></ror:updatePeriod>
     <ror:sortOrder>1</ror:sortOrder>
     <ror:resourceOf>sitemap</ror:resourceOf>
</item>
<item>
     <link>https://studyabroad.euroglobalconsultancy.com/itgrc.html</link>
     <title>ITGRC</title>
     <description>Unlock the Future of IT Governance</description>
     <ror:updatePeriod></ror:updatePeriod>
     <ror:sortOrder>1</ror:sortOrder>
     <ror:resourceOf>sitemap</ror:resourceOf>
</item>
<item>
     <link>https://studyabroad.euroglobalconsultancy.com/studyabroad.html</link>
     <title>Study Abroad Consultants in UAE, Dubai | Empowering Dreams!</title>
     <description>Looking for study abroad consultants in UAE, Dubai? EuroGlobal provide guidance and assistance for students to Overseas education in CAN, UK, USA, AUS, NZ &amp; EU.</description>
     <ror:updatePeriod></ror:updatePeriod>
     <ror:sortOrder>1</ror:sortOrder>
     <ror:resourceOf>sitemap</ror:resourceOf>
</item>
<item>
     <link>https://studyabroad.euroglobalconsultancy.com/news-grid.html</link>
     <title>Abroad Study Consultants | Latest Blogs</title>
     <description>Explore our abroad study consultant's blog tips for overseas education, guidance on studying abroad, scholarship opportunities, visa updates, and more.</description>
     <ror:updatePeriod></ror:updatePeriod>
     <ror:sortOrder>1</ror:sortOrder>
     <ror:resourceOf>sitemap</ror:resourceOf>
</item>
<item>
     <link>https://studyabroad.euroglobalconsultancy.com/page-contact.html</link>
     <title>Contact Us for Study Abroad and Study Abroad Scholarship</title>
     <description>EuroGlobal is here to help you! Our study abroad experts are ready to answer all your queries related to overseas education. Call 📱 (+971) 54488 8923.</description>
     <ror:updatePeriod></ror:updatePeriod>
     <ror:sortOrder>1</ror:sortOrder>
     <ror:resourceOf>sitemap</ror:resourceOf>
</item>
<item>
     <link>https://studyabroad.euroglobalconsultancy.com/privacy-policy.html</link>
     <title>Study Abroad Consultants in UAE, Dubai | Privacy Policy </title>
     <description>Guiding students for study abroad in CANADA, UK, USA, AUSTRALIA, NEW ZEALAND and EUROPE.</description>
     <ror:updatePeriod></ror:updatePeriod>
     <ror:sortOrder>1</ror:sortOrder>
     <ror:resourceOf>sitemap</ror:resourceOf>
</item>
<item>
     <link>https://studyabroad.euroglobalconsultancy.com/cobitfoundation.html</link>
     <title>COBIT 2019 Foundation</title>
     <description>COBIT 2019 Foundation</description>
     <ror:updatePeriod></ror:updatePeriod>
     <ror:sortOrder>2</ror:sortOrder>
     <ror:resourceOf>sitemap</ror:resourceOf>
</item>
<item>
     <link>https://studyabroad.euroglobalconsultancy.com/cobit2019implementation.html</link>
     <title>COBIT 2019 Design</title>
     <description>COBIT 2019 Design &amp; Implementation</description>
     <ror:updatePeriod></ror:updatePeriod>
     <ror:sortOrder>2</ror:sortOrder>
     <ror:resourceOf>sitemap</ror:resourceOf>
</item>
<item>
     <link>https://studyabroad.euroglobalconsultancy.com/cgeit.html</link>
     <title>CGEIT- ISACA </title>
     <description>CGEIT- ISACA </description>
     <ror:updatePeriod></ror:updatePeriod>
     <ror:sortOrder>2</ror:sortOrder>
     <ror:resourceOf>sitemap</ror:resourceOf>
</item>
<item>
     <link>https://studyabroad.euroglobalconsultancy.com/study-in-australia.html</link>
     <title>A Study Abroad Consultants Guide to Studying in Australia</title>
     <description>If you're ready to embark on your academic journey in Australia and pave the way for a successful future, EuroGlobal is here to assist you with your education planning.</description>
     <ror:updatePeriod></ror:updatePeriod>
     <ror:sortOrder>2</ror:sortOrder>
     <ror:resourceOf>sitemap</ror:resourceOf>
</item>
<item>
     <link>https://studyabroad.euroglobalconsultancy.com/study-MBBS-in-hungary.html</link>
     <title>Study MBBS in Hungary with study abroad consultants</title>
     <description>Excellent chances are available in Hungary for students interested in a career in medicine. The nation has a well-respected healthcare system and excellent medical schools with top-notch instruction.        </description>
     <ror:updatePeriod></ror:updatePeriod>
     <ror:sortOrder>2</ror:sortOrder>
     <ror:resourceOf>sitemap</ror:resourceOf>
</item>
<item>
     <link>https://studyabroad.euroglobalconsultancy.com/guide-to-study-uk-usa-canada-with-euroglobal.html</link>
     <title>Studying UK, USA, and Canada with Study Abroad Consultants in UAE</title>
     <description>Make your way to your dream university in the UK, USA, and Canada with the support of EuroGlobal consultancy's study abroad abroad Consultants in UAE.</description>
     <ror:updatePeriod></ror:updatePeriod>
     <ror:sortOrder>2</ror:sortOrder>
     <ror:resourceOf>sitemap</ror:resourceOf>
</item>
<item>
     <link>https://studyabroad.euroglobalconsultancy.com/study-france-with-euroglobal.html</link>
     <title>Study in France with EuroGlobal Study Abroad Consultants</title>
     <description>We specialize in creating unique and life-changing experiences for prospective students studying in France</description>
     <ror:updatePeriod></ror:updatePeriod>
     <ror:sortOrder>2</ror:sortOrder>
     <ror:resourceOf>sitemap</ror:resourceOf>
</item>
<item>
     <link>https://studyabroad.euroglobalconsultancy.com/guidance-abroad-study-sweden.html</link>
     <title>Study in Sweden-Guidance of Abroad Study Consultants</title>
     <description>We specialize in creating unique and life-changing experiences for prospective students studying in Sweden</description>
     <ror:updatePeriod></ror:updatePeriod>
     <ror:sortOrder>2</ror:sortOrder>
     <ror:resourceOf>sitemap</ror:resourceOf>
</item>
<item>
     <link>https://studyabroad.euroglobalconsultancy.com/engineering-excellence-europe.html</link>
     <title>Engineering Excellence Abroad: Your Guide to Pursuing a Degree in Europe</title>
     <description>Numerous course options are available for bachelor's, master's, and doctorate study programs at Europe's top universities.</description>
     <ror:updatePeriod></ror:updatePeriod>
     <ror:sortOrder>2</ror:sortOrder>
     <ror:resourceOf>sitemap</ror:resourceOf>
</item>
<item>
     <link>https://studyabroad.euroglobalconsultancy.com/abroad-education-dreams.html</link>
     <title>Make your abroad education dreams come true with study abroad consultants!</title>
     <description>Study abroad consultants are essential in helping you make well-informed choices regarding your academic path. Study abroad consultants provide individualized advice on selecting a country, a university, a course of study, and entrance requirements.  </description>
     <ror:updatePeriod></ror:updatePeriod>
     <ror:sortOrder>2</ror:sortOrder>
     <ror:resourceOf>sitemap</ror:resourceOf>
</item>
<item>
     <link>https://studyabroad.euroglobalconsultancy.com/life-after-canada-graduation.html</link>
     <title>Study in Canada: A Guide to Overseas Education Consultants</title>
     <description>Canada should be taken into consideration if you intend to study abroad once you graduate. The nation is well-known for its top-notch higher education system, drawing in lakhs of students annually. </description>
     <ror:updatePeriod></ror:updatePeriod>
     <ror:sortOrder>2</ror:sortOrder>
     <ror:resourceOf>sitemap</ror:resourceOf>
</item>
<item>
     <link>https://studyabroad.euroglobalconsultancy.com/uk-education-system.html</link>
     <title>UK Education System: Message From Study Abroad Consultant</title>
     <description>The United Kingdom (UK) is renowned for its prestigious universities, engaging teaching methods, high student satisfaction rates, and high educational standards.</description>
     <ror:updatePeriod></ror:updatePeriod>
     <ror:sortOrder>2</ror:sortOrder>
     <ror:resourceOf>sitemap</ror:resourceOf>
</item>
<item>
     <link>https://studyabroad.euroglobalconsultancy.com/blogdetails3.html</link>
     <title>Master the Skills of Abroad Study Consultants in UAE and Be Successful</title>
     <description>EuroGlobal Abroad Study Consultants in UAE are essential in helping students meet their academic objectives.</description>
     <ror:updatePeriod></ror:updatePeriod>
     <ror:sortOrder>2</ror:sortOrder>
     <ror:resourceOf>sitemap</ror:resourceOf>
</item>
<item>
     <link>https://studyabroad.euroglobalconsultancy.com/blogdetails2.html</link>
     <title>How Overseas Education Consultants Can Help You Fulfil Your Study Abroad Dreams</title>
     <description>Studying abroad can be a life-changing experience, offering opportunities for personal growth, cultural enrichment, and a world-class education. However, the process of applying to international universities can be complex and daunting. Overseas education consultants can be useful in this situation.</description>
     <ror:updatePeriod></ror:updatePeriod>
     <ror:sortOrder>2</ror:sortOrder>
     <ror:resourceOf>sitemap</ror:resourceOf>
</item>
<item>
     <link>https://studyabroad.euroglobalconsultancy.com/blogdetails1.html</link>
     <title>Navigating the American Dream: A Guide to Studying in the USA</title>
     <description>With so many alternatives and intricate application processes, studying in the USA may be a difficult process, as we at Euroglobal Study Abroad Consultancy in the UAE are aware. </description>
     <ror:updatePeriod></ror:updatePeriod>
     <ror:sortOrder>2</ror:sortOrder>
     <ror:resourceOf>sitemap</ror:resourceOf>
</item>
<item>
     <link>https://studyabroad.euroglobalconsultancy.com/blogdetails.html</link>
     <title>How to find the right Study Abroad Consultancy Service for +2 students</title>
     <description>Register for an online meeting with our EuroGlobal consultant mentors and experts, and allow us to assist you in researching the top international course and university combinations to find the one that best suits your interests and career goals. </description>
     <ror:updatePeriod></ror:updatePeriod>
     <ror:sortOrder>2</ror:sortOrder>
     <ror:resourceOf>sitemap</ror:resourceOf>
</item>
<item>
     <link>https://studyabroad.euroglobalconsultancy.com/newsdetail.html</link>
     <title>Benefits of Studying Abroad with EuroGlobal Consultants</title>
     <description>Embark on a life-changing academic journey with EuroGlobal Consultants. Discover the unparalleled benefits of studying abroad, from world-class education to cultural immersion and global opportunities.</description>
     <ror:updatePeriod></ror:updatePeriod>
     <ror:sortOrder>2</ror:sortOrder>
     <ror:resourceOf>sitemap</ror:resourceOf>
</item>
</channel>
</rss>
  